model,prediction,ground truth,1-NED,difflib ratio
google ocr,TMC3-AS1,TMC3-AS1,1.0,1.0
google ocr,RN7SKP68,RN7SKP68,1.0,1.0
google ocr,ΝΑΡΑ,NAPA,0.0,0.0
google ocr,TRL-AAG1-1,TRL-AAG1-1,1.0,1.0
google ocr,LINC02544,LINC02544,1.0,1.0
google ocr,LINC02093,LINC02093,1.0,1.0
google ocr,MIR708,MIR708,1.0,1.0
google ocr,PDC,PDC,1.0,1.0
google ocr,RNU6-538P,RNU6-538P,1.0,1.0
google ocr,CCNB2,CCNB2,1.0,1.0
google ocr,LINC00412,LINC00412,1.0,1.0
google ocr,MRTO4,MRTO4,1.0,1.0
google ocr,OR11A1,OR11A1,1.0,1.0
google ocr,MIR5191,MIR5191,1.0,1.0
google ocr,ST13P12,ST13P12,1.0,1.0
google ocr,RNU6-14P,RNU6-14P,1.0,1.0
google ocr,PI4KB,PI4KB,1.0,1.0
google ocr,HHLA3,HHLA3,1.0,1.0
google ocr,SUPT4H1,SUPT4H1,1.0,1.0
google ocr,ELOVL1,ELOVL1,1.0,1.0
google ocr,PPIAP36,PPIAP36,1.0,1.0
google ocr,CPSF3,CPSF3,1.0,1.0
google ocr,RPL19P5,RPL19P5,1.0,1.0
google ocr,FMNL2,FMNL2,1.0,1.0
google ocr,TMC8,TMC8,1.0,1.0
google ocr,RN7SL321P,RN7SL321P,1.0,1.0
google ocr,TCF21,TCF21,1.0,1.0
google ocr,RNA5SP485,RNA5SP485,1.0,1.0
google ocr,RNU6-896P,RNU6-896P,1.0,1.0
google ocr,LAPTM4A-DT,LAPTM4A-DT,1.0,1.0
google ocr,RNA5SP141,RNA5SP141,1.0,1.0
google ocr,PANDAR,PANDAR,1.0,1.0
google ocr,LINC01402,LINC01402,1.0,1.0
google ocr,CUX2P2,CUX2P2,1.0,1.0
google ocr,RNU6-1038P,RNU6-1038P,1.0,1.0
google ocr,POM121B,POM121B,1.0,1.0
google ocr,MTREX,MTREX,1.0,1.0
google ocr,RN7SL113P,RN7SL113P,1.0,1.0
google ocr,WASF3,WASF3,1.0,1.0
google ocr,CERS2,CERS2,1.0,1.0
google ocr,MYL6P1,MYL6P1,1.0,1.0
google ocr,GAS2L2,GAS2L2,1.0,1.0
google ocr,PRRT3,PRRT3,1.0,1.0
google ocr,RNU6ATAC13P,RNU6ATAC13P,1.0,1.0
google ocr,MT-TY,MT-TY,1.0,1.0
google ocr,MOB4P1,MOB4P1,1.0,1.0
google ocr,CYCSP14,CYCSP14,1.0,1.0
google ocr,АРОВЕСЗН,APOBEC3H,0.0,0.0
google ocr,DNM1P9,DNM1P9,1.0,1.0
google ocr,ERVW-28,ERVW-28,1.0,1.0
google ocr,PHKA1-AS1,PHKA1-AS1,1.0,1.0
google ocr,MCUB,MCUB,1.0,1.0
google ocr,NRTN,NRTN,1.0,1.0
google ocr,KLHL20,KLHL20,1.0,1.0
google ocr,LINC02148,LINC02148,1.0,1.0
google ocr,VDAC1P9,VDAC1P9,1.0,1.0
google ocr,MINDY2-DT,MINDY2-DT,1.0,1.0
google ocr,POLR3KP2,POLR3KP2,1.0,1.0
google ocr,NT5E,NT5E,1.0,1.0
google ocr,ATOSBP1,ATOSBP1,1.0,1.0
google ocr,RPL9P2,RPL9P2,1.0,1.0
google ocr,SCUBE1,SCUBE1,1.0,1.0
google ocr,HCG9P5,HCG9P5,1.0,1.0
google ocr,MIR323B,MIR323B,1.0,1.0
google ocr,SEPTIN14P23,SEPTIN14P23,1.0,1.0
google ocr,PITPNC1,PITPNC1,1.0,1.0
google ocr,MIR424,MIR424,1.0,1.0
google ocr,ARHGEF4,ARHGEF4,1.0,1.0
google ocr,PLEKHA2,PLEKHA2,1.0,1.0
google ocr,LONP1,LONP1,1.0,1.0
google ocr,MIR3194,MIR3194,1.0,1.0
google ocr,OSCAR,OSCAR,1.0,1.0
google ocr,FOLR3,FOLR3,1.0,1.0
google ocr,KLHDC4,KLHDC4,1.0,1.0
google ocr,WASHC1,WASHC1,1.0,1.0
google ocr,RPL18P8,RPL18P8,1.0,1.0
google ocr,ACTG1P25,ACTG1P25,1.0,1.0
google ocr,LGMN,LGMN,1.0,1.0
google ocr,P2RY13,P2RY13,1.0,1.0
google ocr,LINC02210,LINC02210,1.0,1.0
google ocr,TENM2-AS1,TENM2-AS1,1.0,1.0
google ocr,RPL7AP52,RPL7AP52,1.0,1.0
google ocr,EIF3J-DT,EIF3J-DT,1.0,1.0
google ocr,LIN37,LIN37,1.0,1.0
google ocr,UVRAG,UVRAG,1.0,1.0
google ocr,KLHL31,KLHL31,1.0,1.0
google ocr,BCL2L1-AS1,BCL2L1-AS1,1.0,1.0
google ocr,HS6ST1P1,HS6ST1P1,1.0,1.0
google ocr,FAM199YP,FAM199YP,1.0,1.0
google ocr,PIRC13,PIRC13,1.0,1.0
google ocr,LINC00343,LINC00343,1.0,1.0
google ocr,MIR4439,MIR4439,1.0,1.0
google ocr,ZNF608,ZNF608,1.0,1.0
google ocr,MIR4443,MIR4443,1.0,1.0
google ocr,PCDHGC3,PCDHGC3,1.0,1.0
google ocr,HSPA12B,HSPA12B,1.0,1.0
google ocr,ATP2B4,ATP2B4,1.0,1.0
google ocr,PDE11A,PDE11A,1.0,1.0
google ocr,CD5L,CD5L,1.0,1.0
google ocr,METTL8P1,METTL8P1,1.0,1.0
google ocr,LANCL1,LANCL1,1.0,1.0
google ocr,RNU6-565P,RNU6-565P,1.0,1.0
google ocr,BBIP1,BBIP1,1.0,1.0
google ocr,LINC00411,LINC00411,1.0,1.0
google ocr,RNU6-411P,RNU6-411P,1.0,1.0
google ocr,TTC39C,TTC39C,1.0,1.0
google ocr,FAM216A,FAM216A,1.0,1.0
google ocr,NDUFB9P2,NDUFB9P2,1.0,1.0
google ocr,MTND5P2,MTND5P2,1.0,1.0
google ocr,GREB1,GREB1,1.0,1.0
google ocr,RPL17P22,RPL17P22,1.0,1.0
google ocr,SNORA74D,SNORA74D,1.0,1.0
google ocr,TEKT2,TEKT2,1.0,1.0
google ocr,SNORD14B,SNORD14B,1.0,1.0
google ocr,KRT41P,KRT41P,1.0,1.0
google ocr,TACR1,TACR1,1.0,1.0
google ocr,RABGAP1L-AS1,RABGAP1L-AS1,1.0,1.0
google ocr,ZNF569,ZNF569,1.0,1.0
google ocr,KIAA2012-AS1,KIAA2012-AS1,1.0,1.0
google ocr,OR6C66P,OR6C66P,1.0,1.0
google ocr,ATP5PFP1,ATP5PFP1,1.0,1.0
google ocr,CLCN3,CLCN3,1.0,1.0
google ocr,DCAF12,DCAF12,1.0,1.0
google ocr,RPL39P20,RPL39P20,1.0,1.0
google ocr,FAM106C,FAM106C,1.0,1.0
google ocr,SAPCD2P2,SAPCD2P2,1.0,1.0
google ocr,IGSF3P1,IGSF3P1,1.0,1.0
google ocr,SPA17,SPA17,1.0,1.0
google ocr,HPV18I2,HPV18I2,1.0,1.0
google ocr,SNORD115-28,SNORD115-28,1.0,1.0
google ocr,GYG2P1,GYG2P1,1.0,1.0
google ocr,SYNJ2BP-COX16,SYNJ2BP-COX16,1.0,1.0
google ocr,PLEKHH1,PLEKHH1,1.0,1.0
google ocr,ARL1,ARL1,1.0,1.0
google ocr,ZSWIM5,ZSWIM5,1.0,1.0
google ocr,ANAPC1P4,ANAPC1P4,1.0,1.0
google ocr,RPS17P17,RPS17P17,1.0,1.0
google ocr,DOCK11P1,DOCK11P1,1.0,1.0
google ocr,TRQ-CTG15-1,TRQ-CTG15-1,1.0,1.0
google ocr,FBX043,FBXO43,0.8333333333333334,0.8333333333333334
google ocr,YKT6,YKT6,1.0,1.0
google ocr,SFR1 P2,SFR1P2,0.8571428571428572,0.9230769230769231
google ocr,MIR622,MIR622,1.0,1.0
google ocr,RPS18P7,RPS18P7,1.0,1.0
google ocr,WBP1LP11,WBP1LP11,1.0,1.0
google ocr,ZNF727,ZNF727,1.0,1.0
google ocr,RN7SL182P,RN7SL182P,1.0,1.0
google ocr,TRBV7-5,TRBV7-5,1.0,1.0
google ocr,MIR4316,MIR4316,1.0,1.0
google ocr,IGHV4-39,IGHV4-39,1.0,1.0
google ocr,TRL-TAA5-1,TRL-TAA5-1,1.0,1.0
google ocr,LINC01808,LINC01808,1.0,1.0
google ocr,ZDHHC5,ZDHHC5,1.0,1.0
google ocr,MIR3202-2,MIR3202-2,1.0,1.0
google ocr,MIR4736,MIR4736,1.0,1.0
google ocr,RPS7P8,RPS7P8,1.0,1.0
google ocr,LINC00994,LINC00994,1.0,1.0
google ocr,GRHL3-AS1,GRHL3-AS1,1.0,1.0
google ocr,DHRS9,DHRS9,1.0,1.0
google ocr,SNORD14E,SNORD14E,1.0,1.0
google ocr,TRIM16,TRIM16,1.0,1.0
google ocr,BSDC1,BSDC1,1.0,1.0
google ocr,CENPBD2P,CENPBD2P,1.0,1.0
google ocr,ZDHHC3,ZDHHC3,1.0,1.0
google ocr,SNORD114-23,SNORD114-23,1.0,1.0
google ocr,PARM1-AS1,PARM1-AS1,1.0,1.0
google ocr,RPL5P17,RPL5P17,1.0,1.0
google ocr,S100A2,S100A2,1.0,1.0
google ocr,AQP7P5,AQP7P5,1.0,1.0
google ocr,OR5M7P,OR5M7P,1.0,1.0
google ocr,KLC4-AS1,KLC4-AS1,1.0,1.0
google ocr,RNA5SP333,RNA5SP333,1.0,1.0
google ocr,EPGN,EPGN,1.0,1.0
google ocr,RNA5SP85,RNA5SP85,1.0,1.0
google ocr,ZNF132,ZNF132,1.0,1.0
google ocr,TOMM22P2,TOMM22P2,1.0,1.0
google ocr,RN7SKP267,RN7SKP267,1.0,1.0
google ocr,POMZP3,POMZP3,1.0,1.0
google ocr,MTUS2,MTUS2,1.0,1.0
google ocr,GOT2P1,GOT2P1,1.0,1.0
google ocr,DCAF4L1,DCAF4L1,1.0,1.0
google ocr,NUS1,NUS1,1.0,1.0
google ocr,SET,SET,1.0,1.0
google ocr,RNU6-157P,RNU6-157P,1.0,1.0
google ocr,PRADX,PRADX,1.0,1.0
google ocr,LINC02624,LINC02624,1.0,1.0
google ocr,OR6C66P,OR6C66P,1.0,1.0
google ocr,LINC00840,LINC00840,1.0,1.0
google ocr,MTX3,MTX3,1.0,1.0
google ocr,LINC03028,LINC03028,1.0,1.0
google ocr,TSHB,TSHB,1.0,1.0
google ocr,PRSS8,PRSS8,1.0,1.0
google ocr,OR10H4,OR10H4,1.0,1.0
google ocr,CYP8B1,CYP8B1,1.0,1.0
google ocr,KDM4D,KDM4D,1.0,1.0
google ocr,RNA5SP525,RNA5SP525,1.0,1.0
google ocr,RPL10P8,RPL10P8,1.0,1.0
google ocr,TRIM16L,TRIM16L,1.0,1.0
google ocr,SLC22A14,SLC22A14,1.0,1.0
google ocr,RPL39P35,RPL39P35,1.0,1.0
google ocr,CHP1P1,CHP1P1,1.0,1.0
google ocr,TMEM269-DT,TMEM269-DT,1.0,1.0
google ocr,PSME3,PSME3,1.0,1.0
google ocr,RPL34P14,RPL34P14,1.0,1.0
google ocr,DGCR6L,DGCR6L,1.0,1.0
google ocr,LINC00302,LINC00302,1.0,1.0
google ocr,DNPEP-AS1,DNPEP-AS1,1.0,1.0
google ocr,IL12A-AS1,IL12A-AS1,1.0,1.0
google ocr,RALGAPB,RALGAPB,1.0,1.0
google ocr,RNU6-1034P,RNU6-1034P,1.0,1.0
google ocr,CDC42-IT1,CDC42-IT1,1.0,1.0
google ocr,RNU6-115P,RNU6-115P,1.0,1.0
google ocr,ANXA4,ANXA4,1.0,1.0
google ocr,ZSCAN30,ZSCAN30,1.0,1.0
google ocr,ZNF619P1,ZNF619P1,1.0,1.0
google ocr,SNRPGP2,SNRPGP2,1.0,1.0
google ocr,CTAGE14P,CTAGE14P,1.0,1.0
google ocr,DLG1,DLG1,1.0,1.0
google ocr,RNU7-40P,RNU7-40P,1.0,1.0
google ocr,AMY1A,AMY1A,1.0,1.0
google ocr,PRR13P2,PRR13P2,1.0,1.0
google ocr,MIR4752,MIR4752,1.0,1.0
google ocr,PLPPR5-AS1,PLPPR5-AS1,1.0,1.0
google ocr,TMEM128,TMEM128,1.0,1.0
google ocr,DNA17,DNAI7,0.8,0.8
google ocr,UBE2T,UBE2T,1.0,1.0
google ocr,LINC01553,LINC01553,1.0,1.0
google ocr,PDCD7,PDCD7,1.0,1.0
google ocr,ACTR3B,ACTR3B,1.0,1.0
google ocr,RHOQP1,RHOQP1,1.0,1.0
google ocr,FNBP1P2,FNBP1P2,1.0,1.0
google ocr,PPP3CB-AS1,PPP3CB-AS1,1.0,1.0
google ocr,CDS2,CDS2,1.0,1.0
google ocr,ZNF968P,ZNF968P,1.0,1.0
google ocr,LINC01284,LINC01284,1.0,1.0
google ocr,BCAP31,BCAP31,1.0,1.0
google ocr,ZNF302,ZNF302,1.0,1.0
google ocr,PRMT2,PRMT2,1.0,1.0
google ocr,PXT1,PXT1,1.0,1.0
google ocr,SLC9A9-AS1,SLC9A9-AS1,1.0,1.0
google ocr,SBF1P2,SBF1P2,1.0,1.0
google ocr,AP1G1,AP1G1,1.0,1.0
google ocr,RPL15P17,RPL15P17,1.0,1.0
google ocr,RNU6-570P,RNU6-570P,1.0,1.0
google ocr,C1S,C1S,1.0,1.0
google ocr,ZNF75CP,ZNF75CP,1.0,1.0
google ocr,RNA5SP420,RNA5SP420,1.0,1.0
google ocr,LINC03027,LINC03027,1.0,1.0
google ocr,TRT-TGT5-1,TRT-TGT5-1,1.0,1.0
google ocr,F2RL1,F2RL1,1.0,1.0
google ocr,RNU7-78P,RNU7-78P,1.0,1.0
google ocr,HES3,HES3,1.0,1.0
google ocr,PIK3CD-AS1,PIK3CD-AS1,1.0,1.0
google ocr,FAIM,FAIM,1.0,1.0
google ocr,FAM180A,FAM180A,1.0,1.0
google ocr,CDH15,CDH15,1.0,1.0
google ocr,IMPDH1P7,IMPDH1P7,1.0,1.0
google ocr,HIBADH,HIBADH,1.0,1.0
google ocr,OR9K1P,OR9K1P,1.0,1.0
google ocr,NME1,NME1,1.0,1.0
google ocr,DRG1,DRG1,1.0,1.0
google ocr,ADGRF5-AS1,ADGRF5-AS1,1.0,1.0
google ocr,LINC02503,LINC02503,1.0,1.0
google ocr,IPMKP1,IPMKP1,1.0,1.0
google ocr,KIF5A,KIF5A,1.0,1.0
google ocr,ARID3C,ARID3C,1.0,1.0
google ocr,NBEAP4,NBEAP4,1.0,1.0
google ocr,ABR-AS1,ABR-AS1,1.0,1.0
google ocr,MYOZ2,MYOZ2,1.0,1.0
google ocr,RPL36AP5,RPL36AP5,1.0,1.0
google ocr,PHACTR4,PHACTR4,1.0,1.0
google ocr,SH3GLB1,SH3GLB1,1.0,1.0
google ocr,ARHGAP42P4,ARHGAP42P4,1.0,1.0
google ocr,ADAMTS17,ADAMTS17,1.0,1.0
google ocr,LINC00534,LINC00534,1.0,1.0
google ocr,RPL23AP95,RPL23AP95,1.0,1.0
google ocr,EXTL3-AS1,EXTL3-AS1,1.0,1.0
google ocr,MIR652,MIR652,1.0,1.0
google ocr,NIPSNAP3А,NIPSNAP3A,0.8888888888888888,0.8888888888888888
google ocr,USP54,USP54,1.0,1.0
google ocr,RNU2-32P,RNU2-32P,1.0,1.0
google ocr,RNA5SP329,RNA5SP329,1.0,1.0
google ocr,SNORA109,SNORA109,1.0,1.0
google ocr,GLIS3,GLIS3,1.0,1.0
google ocr,ADGRD1,ADGRD1,1.0,1.0
google ocr,MIR499B,MIR499B,1.0,1.0
google ocr,RHOXF1P2,RHOXF1P2,1.0,1.0
google ocr,MIR4648,MIR4648,1.0,1.0
google ocr,GHET1,GHET1,1.0,1.0
google ocr,LINC01388,LINC01388,1.0,1.0
google ocr,RPL22P16,RPL22P16,1.0,1.0
google ocr,WDR88,WDR88,1.0,1.0
google ocr,CSNK1G2,CSNK1G2,1.0,1.0
google ocr,MYD88,MYD88,1.0,1.0
google ocr,COX6CP1,COX6CP1,1.0,1.0
google ocr,JAK3,JAK3,1.0,1.0
google ocr,RNU6ATAC2P,RNU6ATAC2P,1.0,1.0
google ocr,BRDTP1,BRDTP1,1.0,1.0
google ocr,RN7SL703P,RN7SL703P,1.0,1.0
google ocr,TOPORS,TOPORS,1.0,1.0
google ocr,WNT7A,WNT7A,1.0,1.0
google ocr,THOC3,THOC3,1.0,1.0
google ocr,RNU1-3,RNU1-3,1.0,1.0
google ocr,SNORD62B,SNORD62B,1.0,1.0
google ocr,ACTBL2,ACTBL2,1.0,1.0
google ocr,PYM1,PYM1,1.0,1.0
google ocr,CES1,CES1,1.0,1.0
google ocr,DEFB109A,DEFB109A,1.0,1.0
google ocr,RNU6-1203P,RNU6-1203P,1.0,1.0
google ocr,TRT-TGT5-1,TRT-TGT5-1,1.0,1.0
google ocr,LINC01275,LINC01275,1.0,1.0
google ocr,HNRNPA1P29,HNRNPA1P29,1.0,1.0
google ocr,OR7E28P,OR7E28P,1.0,1.0
google ocr,CAST,CAST,1.0,1.0
google ocr,TAFA3,TAFA3,1.0,1.0
google ocr,RPS25P1,RPS25P1,1.0,1.0
google ocr,KCNK5,KCNK5,1.0,1.0
google ocr,ARHGEF7,ARHGEF7,1.0,1.0
google ocr,MYOT,MYOT,1.0,1.0
google ocr,DIAPH2-AS1,DIAPH2-AS1,1.0,1.0
google ocr,ACACB,ACACB,1.0,1.0
google ocr,RPS26P17,RPS26P17,1.0,1.0
google ocr,ZNF341,ZNF341,1.0,1.0
google ocr,LINC02327,LINC02327,1.0,1.0
google ocr,ZNF407,ZNF407,1.0,1.0
google ocr,GPC1,GPC1,1.0,1.0
google ocr,RPS10-NUDT3,RPS10-NUDT3,1.0,1.0
google ocr,MPHOSPH6,MPHOSPH6,1.0,1.0
google ocr,FAM53A,FAM53A,1.0,1.0
google ocr,TRP-TGG3-5,TRP-TGG3-5,1.0,1.0
google ocr,FKBP5,FKBP5,1.0,1.0
google ocr,AIDA,AIDA,1.0,1.0
google ocr,MIR7973-1,MIR7973-1,1.0,1.0
google ocr,SEC14L5,SEC14L5,1.0,1.0
google ocr,ZNF12,ZNF12,1.0,1.0
google ocr,RNA5SP365,RNA5SP365,1.0,1.0
google ocr,USP9YP24,USP9YP24,1.0,1.0
google ocr,EIF4A2P1,EIF4A2P1,1.0,1.0
google ocr,MSH2-OT1,MSH2-OT1,1.0,1.0
google ocr,SRCAP,SRCAP,1.0,1.0
google ocr,ATP5MFP3,ATP5MFP3,1.0,1.0
google ocr,AQP5,AQP5,1.0,1.0
google ocr,CENPVL1,CENPVL1,1.0,1.0
google ocr,RPL7AP19,RPL7AP19,1.0,1.0
google ocr,OLFM3,OLFM3,1.0,1.0
google ocr,CACNA1C-AS2,CACNA1C-AS2,1.0,1.0
google ocr,COX7A1,COX7A1,1.0,1.0
google ocr,ZFR2,ZFR2,1.0,1.0
google ocr,CEBPZOS,CEBPZOS,1.0,1.0
google ocr,CACNA1C-AS4,CACNA1C-AS4,1.0,1.0
google ocr,ZIC5,ZIC5,1.0,1.0
google ocr,RPL5P35,RPL5P35,1.0,1.0
google ocr,PPIAP39,PPIAP39,1.0,1.0
google ocr,BSNDP3,BSNDP3,1.0,1.0
google ocr,PIMREG,PIMREG,1.0,1.0
google ocr,SNORA92,SNORA92,1.0,1.0
google ocr,LINC01494,LINC01494,1.0,1.0
google ocr,EXOC7P1,EXOC7P1,1.0,1.0
google ocr,LINC01213,LINC01213,1.0,1.0
google ocr,APOC1P1,APOC1P1,1.0,1.0
google ocr,RPEP2,RPEP2,1.0,1.0
google ocr,OSTM1,OSTM1,1.0,1.0
google ocr,DAP,DAP,1.0,1.0
google ocr,SULT1C3,SULT1C3,1.0,1.0
google ocr,RN7SL184P,RN7SL184P,1.0,1.0
google ocr,GCC2-AS1,GCC2-AS1,1.0,1.0
google ocr,CPPED1,CPPED1,1.0,1.0
google ocr,RNU6-823P,RNU6-823P,1.0,1.0
google ocr,TRAV36DV7,TRAV36DV7,1.0,1.0
google ocr,JAM2,JAM2,1.0,1.0
google ocr,BMP8A,BMP8A,1.0,1.0
google ocr,ZDHHC20P3,ZDHHC20P3,1.0,1.0
google ocr,SAR1AP2,SAR1AP2,1.0,1.0
google ocr,LINC01391,LINC01391,1.0,1.0
google ocr,CTSO,CTSO,1.0,1.0
google ocr,HLA-DQB2,HLA-DQB2,1.0,1.0
google ocr,RNVU1-18,RNVU1-18,1.0,1.0
google ocr,ICAM5,ICAM5,1.0,1.0
google ocr,RN7SL549P,RN7SL549P,1.0,1.0
google ocr,AP1M2P1,AP1M2P1,1.0,1.0
google ocr,KRT8P10,KRT8P10,1.0,1.0
google ocr,BC01,BCO1,0.75,0.75
google ocr,EIF5AL1,EIF5AL1,1.0,1.0
google ocr,SNORD114-16,SNORD114-16,1.0,1.0
google ocr,METTL8,METTL8,1.0,1.0
google ocr,LGTN,LGTN,1.0,1.0
google ocr,NMRAL2P,NMRAL2P,1.0,1.0
google ocr,IGHV3-16,IGHV3-16,1.0,1.0
google ocr,MIR9-1HG,MIR9-1HG,1.0,1.0
google ocr,LINC02076,LINC02076,1.0,1.0
google ocr,ABCG5,ABCG5,1.0,1.0
google ocr,NIFKP3,NIFKP3,1.0,1.0
google ocr,PRMT3,PRMT3,1.0,1.0
google ocr,PROZ,PROZ,1.0,1.0
google ocr,MIR3975,MIR3975,1.0,1.0
google ocr,RNU6-448P,RNU6-448P,1.0,1.0
google ocr,IGLC6,IGLC6,1.0,1.0
google ocr,LINC02130,LINC02130,1.0,1.0
google ocr,CPSF1P2,CPSF1P2,1.0,1.0
google ocr,SOCS5P3,SOCS5P3,1.0,1.0
google ocr,RPS12P31,RPS12P31,1.0,1.0
google ocr,MTUS1,MTUS1,1.0,1.0
google ocr,MIR6718,MIR6718,1.0,1.0
google ocr,ERVW-24,ERVW-24,1.0,1.0
google ocr,MIR6732,MIR6732,1.0,1.0
google ocr,CCDC125,CCDC125,1.0,1.0
google ocr,LINC02929,LINC02929,1.0,1.0
google ocr,PDE4DIPP6,PDE4DIPP6,1.0,1.0
google ocr,PRKCA,PRKCA,1.0,1.0
google ocr,ELK2AP,ELK2AP,1.0,1.0
google ocr,PCDHB8,PCDHB8,1.0,1.0
google ocr,LINC02210,LINC02210,1.0,1.0
google ocr,ERRFI1,ERRFI1,1.0,1.0
google ocr,VN1R45P,VN1R45P,1.0,1.0
google ocr,F8A1,F8A1,1.0,1.0
google ocr,DPP7,DPP7,1.0,1.0
google ocr,MIR3140,MIR3140,1.0,1.0
google ocr,KMT2E,KMT2E,1.0,1.0
google ocr,SLMAP,SLMAP,1.0,1.0
google ocr,BTBD18,BTBD18,1.0,1.0
google ocr,PCGF2,PCGF2,1.0,1.0
google ocr,RNU6-792P,RNU6-792P,1.0,1.0
google ocr,MIR3934,MIR3934,1.0,1.0
google ocr,RNU6-157P,RNU6-157P,1.0,1.0
google ocr,RNU6-212P,RNU6-212P,1.0,1.0
google ocr,SOWAHA,SOWAHA,1.0,1.0
google ocr,ITK,ITK,1.0,1.0
google ocr,HTRA1,HTRA1,1.0,1.0
google ocr,PRAMEF36P,PRAMEF36P,1.0,1.0
google ocr,LINC00114,LINC00114,1.0,1.0
google ocr,SNAI3,SNAI3,1.0,1.0
google ocr,TSC22D2,TSC22D2,1.0,1.0
google ocr,RAB11AP2,RAB11AP2,1.0,1.0
google ocr,HSPA8P12,HSPA8P12,1.0,1.0
google ocr,C18orf32,C18orf32,1.0,1.0
google ocr,LINC01256,LINC01256,1.0,1.0
google ocr,ALKBH3,ALKBH3,1.0,1.0
google ocr,GOLGA5P1,GOLGA5P1,1.0,1.0
google ocr,NFKBID,NFKBID,1.0,1.0
google ocr,NBPF8,NBPF8,1.0,1.0
google ocr,THAP3,THAP3,1.0,1.0
google ocr,MIR526A2,MIR526A2,1.0,1.0
google ocr,DPRXP4,DPRXP4,1.0,1.0
google ocr,RPL21P86,RPL21P86,1.0,1.0
google ocr,OTUD3,OTUD3,1.0,1.0
google ocr,RN7SL166P,RN7SL166P,1.0,1.0
google ocr,PHETA1,PHETA1,1.0,1.0
google ocr,UTF1,UTF1,1.0,1.0
google ocr,STMP1,STMP1,1.0,1.0
google ocr,RNA5SP257,RNA5SP257,1.0,1.0
google ocr,SUMO2,SUMO2,1.0,1.0
google ocr,MALLP2,MALLP2,1.0,1.0
google ocr,MIR6769B,MIR6769B,1.0,1.0
google ocr,PTPRO,PTPRO,1.0,1.0
google ocr,OR7G3,OR7G3,1.0,1.0
google ocr,PPIAP54,PPIAP54,1.0,1.0
google ocr,DHX29,DHX29,1.0,1.0
google ocr,MTND5P17,MTND5P17,1.0,1.0
google ocr,NR114,NR1I4,0.8,0.8
google ocr,NPM1P6,NPM1P6,1.0,1.0
google ocr,RNU6-1285P,RNU6-1285P,1.0,1.0
google ocr,MIR302F,MIR302F,1.0,1.0
google ocr,IGKV1D-22,IGKV1D-22,1.0,1.0
google ocr,PTPRS-AS1,PTPRS-AS1,1.0,1.0
google ocr,HDAC2,HDAC2,1.0,1.0
google ocr,HSD11B1,HSD11B1,1.0,1.0
google ocr,RNU6-296P,RNU6-296P,1.0,1.0
google ocr,SNAR-C4,SNAR-C4,1.0,1.0
google ocr,RBM19,RBM19,1.0,1.0
google ocr,SPP2,SPP2,1.0,1.0
google ocr,UNC93B8,UNC93B8,1.0,1.0
google ocr,FOXD3-AS1,FOXD3-AS1,1.0,1.0
google ocr,RAF1P1,RAF1P1,1.0,1.0
google ocr,ELP4,ELP4,1.0,1.0
google ocr,CCND3P1,CCND3P1,1.0,1.0
google ocr,UBAP1,UBAP1,1.0,1.0
google ocr,SLC12A5,SLC12A5,1.0,1.0
google ocr,RPL34P28,RPL34P28,1.0,1.0
google ocr,RPL26P37,RPL26P37,1.0,1.0
google ocr,SLC20A1,SLC20A1,1.0,1.0
google ocr,GNG12,GNG12,1.0,1.0
google ocr,CARD18,CARD18,1.0,1.0
google ocr,НСК,HCK,0.0,0.0
google ocr,RNF138P1,RNF138P1,1.0,1.0
google ocr,MTC01 P31,MTCO1P31,0.7777777777777778,0.8235294117647058
google ocr,HSPA8P3,HSPA8P3,1.0,1.0
google ocr,SERHL2,SERHL2,1.0,1.0
google ocr,APLNR,APLNR,1.0,1.0
google ocr,SALL4P6,SALL4P6,1.0,1.0
google ocr,RPS28P5,RPS28P5,1.0,1.0
google ocr,YWHAEP2,YWHAEP2,1.0,1.0
google ocr,S100A11P5,S100A11P5,1.0,1.0
google ocr,ATG4A,ATG4A,1.0,1.0
google ocr,NRL,NRL,1.0,1.0
google ocr,SLC18A3,SLC18A3,1.0,1.0
google ocr,RSC1A1,RSC1A1,1.0,1.0
google ocr,TBC1D3F,TBC1D3F,1.0,1.0
google ocr,RN7SL736P,RN7SL736P,1.0,1.0
google ocr,YWHAZP2,YWHAZP2,1.0,1.0
google ocr,HIBCH,HIBCH,1.0,1.0
google ocr,RNU6-164P,RNU6-164P,1.0,1.0
google ocr,SIAH3,SIAH3,1.0,1.0
google ocr,OR4C46,OR4C46,1.0,1.0
google ocr,POLR3DP1,POLR3DP1,1.0,1.0
google ocr,ССВЕТ,CCBE1,0.0,0.0
google ocr,RPS20P31,RPS20P31,1.0,1.0
google ocr,FIGN,FIGN,1.0,1.0
google ocr,NDUFB5P2,NDUFB5P2,1.0,1.0
google ocr,MIR1203,MIR1203,1.0,1.0
google ocr,SRP68P2,SRP68P2,1.0,1.0
google ocr,ZNF518B,ZNF518B,1.0,1.0
google ocr,NAPSA,NAPSA,1.0,1.0
google ocr,CDRT15P5,CDRT15P5,1.0,1.0
google ocr,MALT1,MALT1,1.0,1.0
google ocr,FCSK,FCSK,1.0,1.0
google ocr,RPL21P130,RPL21P130,1.0,1.0
google ocr,NASP,NASP,1.0,1.0
google ocr,RPL26P15,RPL26P15,1.0,1.0
google ocr,LITAF,LITAF,1.0,1.0
google ocr,MTND4P5,MTND4P5,1.0,1.0
google ocr,XACT,XACT,1.0,1.0
google ocr,PKMP1,PKMP1,1.0,1.0
google ocr,NPM3,NPM3,1.0,1.0
google ocr,GRB14,GRB14,1.0,1.0
google ocr,MNX1-AS2,MNX1-AS2,1.0,1.0
google ocr,KLHL11,KLHL11,1.0,1.0
google ocr,EEF1G,EEF1G,1.0,1.0
google ocr,SNRPE,SNRPE,1.0,1.0
google ocr,OR4K4P,OR4K4P,1.0,1.0
google ocr,SLC38A10,SLC38A10,1.0,1.0
google ocr,LINC02479,LINC02479,1.0,1.0
google ocr,RCC2P6,RCC2P6,1.0,1.0
google ocr,LINC02903,LINC02903,1.0,1.0
google ocr,NAGK,NAGK,1.0,1.0
google ocr,RPL34P9,RPL34P9,1.0,1.0
google ocr,DNAJC19P1,DNAJC19P1,1.0,1.0
google ocr,RN7SKP53,RN7SKP53,1.0,1.0
google ocr,CACNA1C-AS3,CACNA1C-AS3,1.0,1.0
google ocr,MRPS35P2,MRPS35P2,1.0,1.0
google ocr,HMCN2,HMCN2,1.0,1.0
google ocr,HIRAP1,HIRAP1,1.0,1.0
google ocr,TMEM161B-DT,TMEM161B-DT,1.0,1.0
google ocr,POU5F1B,POU5F1B,1.0,1.0
google ocr,TGM4,TGM4,1.0,1.0
google ocr,CTSZ,CTSZ,1.0,1.0
google ocr,LDHAL6DP,LDHAL6DP,1.0,1.0
google ocr,USP9YP21,USP9YP21,1.0,1.0
google ocr,NPPC,NPPC,1.0,1.0
google ocr,SNRK-AS1,SNRK-AS1,1.0,1.0
google ocr,RNU4-84P,RNU4-84P,1.0,1.0
google ocr,NPEPPS,NPEPPS,1.0,1.0
google ocr,TMEM19,TMEM19,1.0,1.0
google ocr,LRRC74A,LRRC74A,1.0,1.0
google ocr,MSNP1,MSNP1,1.0,1.0
google ocr,RRAS,RRAS,1.0,1.0
google ocr,PIRC103,PIRC103,1.0,1.0
google ocr,SLC25A21,SLC25A21,1.0,1.0
google ocr,YEATS4,YEATS4,1.0,1.0
google ocr,ZNF587,ZNF587,1.0,1.0
google ocr,MSRA,MSRA,1.0,1.0
google ocr,KLRG2,KLRG2,1.0,1.0
google ocr,TRF-GAA1-1,TRF-GAA1-1,1.0,1.0
google ocr,CMC4,CMC4,1.0,1.0
google ocr,RPL39P4,RPL39P4,1.0,1.0
google ocr,GAS2,GAS2,1.0,1.0
google ocr,STAP2,STAP2,1.0,1.0
google ocr,TANGO2,TANGO2,1.0,1.0
google ocr,LINC00680,LINC00680,1.0,1.0
google ocr,PIRC52,PIRC52,1.0,1.0
google ocr,SNORD113-1,SNORD113-1,1.0,1.0
google ocr,CSNK1G2P1,CSNK1G2P1,1.0,1.0
google ocr,SNORD14C,SNORD14C,1.0,1.0
google ocr,FAM66A,FAM66A,1.0,1.0
google ocr,SLC22A10,SLC22A10,1.0,1.0
google ocr,MAGEB3,MAGEB3,1.0,1.0
google ocr,PIRC90,PIRC90,1.0,1.0
google ocr,MIR548AK,MIR548AK,1.0,1.0
google ocr,BNIP3P35,BNIP3P35,1.0,1.0
google ocr,APOD,APOD,1.0,1.0
google ocr,ORC3,ORC3,1.0,1.0
google ocr,TTTY2B,TTTY2B,1.0,1.0
google ocr,RPSAP38,RPSAP38,1.0,1.0
google ocr,ZNF384,ZNF384,1.0,1.0
google ocr,FAM95A,FAM95A,1.0,1.0
google ocr,RNU7-4P,RNU7-4P,1.0,1.0
google ocr,SLC2A14,SLC2A14,1.0,1.0
google ocr,GK,GK,1.0,1.0
google ocr,ZCCHC24,ZCCHC24,1.0,1.0
google ocr,HNRNPA3P15,HNRNPA3P15,1.0,1.0
google ocr,OTOG,OTOG,1.0,1.0
google ocr,CHMP4B,CHMP4B,1.0,1.0
google ocr,PDLIM1P1,PDLIM1P1,1.0,1.0
google ocr,ASNSP6,ASNSP6,1.0,1.0
google ocr,ANKRD20A18P,ANKRD20A18P,1.0,1.0
google ocr,ARHGAP26-IT1,ARHGAP26-IT1,1.0,1.0
google ocr,RPL37P9,RPL37P9,1.0,1.0
google ocr,IGLV3-13,IGLV3-13,1.0,1.0
google ocr,RPSAP52,RPSAP52,1.0,1.0
google ocr,BID,BID,1.0,1.0
google ocr,CCDC180,CCDC180,1.0,1.0
google ocr,SLC7A8,SLC7A8,1.0,1.0
google ocr,ERVW-14,ERVW-14,1.0,1.0
google ocr,SNORD115-11,SNORD115-11,1.0,1.0
google ocr,MGAM2,MGAM2,1.0,1.0
google ocr,MIR141,MIR141,1.0,1.0
google ocr,TAP1,TAP1,1.0,1.0
google ocr,RNU6-70P,RNU6-70P,1.0,1.0
google ocr,MIR92A1,MIR92A1,1.0,1.0
google ocr,RPL26P9,RPL26P9,1.0,1.0
google ocr,TRI-GAT1-2,TRI-GAT1-2,1.0,1.0
google ocr,C1QTNF9,C1QTNF9,1.0,1.0
google ocr,MIR656,MIR656,1.0,1.0
google ocr,RN7SL705P,RN7SL705P,1.0,1.0
google ocr,ESPNP,ESPNP,1.0,1.0
google ocr,THEMIS2,THEMIS2,1.0,1.0
google ocr,TRAJ38,TRAJ38,1.0,1.0
google ocr,BTNL12P,BTNL12P,1.0,1.0
google ocr,DLG2-AS2,DLG2-AS2,1.0,1.0
google ocr,ERVE-1,ERVE-1,1.0,1.0
google ocr,LINC01496,LINC01496,1.0,1.0
google ocr,ZNF853,ZNF853,1.0,1.0
google ocr,LINC02139,LINC02139,1.0,1.0
google ocr,S100A13,S100A13,1.0,1.0
google ocr,GAGE2D,GAGE2D,1.0,1.0
google ocr,GON4L,GON4L,1.0,1.0
google ocr,LHFPL4,LHFPL4,1.0,1.0
google ocr,LINC02257,LINC02257,1.0,1.0
google ocr,ATXN2,ATXN2,1.0,1.0
google ocr,KRT18P28,KRT18P28,1.0,1.0
google ocr,NIP7,NIP7,1.0,1.0
google ocr,DLGAP5P1,DLGAP5P1,1.0,1.0
google ocr,MYT1,MYT1,1.0,1.0
google ocr,RNU6-196P,RNU6-196P,1.0,1.0
google ocr,SOX30,SOX30,1.0,1.0
google ocr,RNU1-152P,RNU1-152P,1.0,1.0
google ocr,MIR1908,MIR1908,1.0,1.0
google ocr,KIAA1191,KIAA1191,1.0,1.0
google ocr,BNIP3P31,BNIP3P31,1.0,1.0
google ocr,RPL22P23,RPL22P23,1.0,1.0
google ocr,MYL6P1,MYL6P1,1.0,1.0
google ocr,STAM,STAM,1.0,1.0
google ocr,TSPEAR-AS1,TSPEAR-AS1,1.0,1.0
google ocr,EHHADH-AS1,EHHADH-AS1,1.0,1.0
google ocr,PRR12,PRR12,1.0,1.0
google ocr,ADAM19,ADAM19,1.0,1.0
google ocr,RN7SL417P,RN7SL417P,1.0,1.0
google ocr,MIR4294,MIR4294,1.0,1.0
google ocr,RNU6-914P,RNU6-914P,1.0,1.0
google ocr,RNU7-39P,RNU7-39P,1.0,1.0
google ocr,LINC02265,LINC02265,1.0,1.0
google ocr,TMEM259,TMEM259,1.0,1.0
google ocr,RNU6-1096P,RNU6-1096P,1.0,1.0
google ocr,MARK2P11,MARK2P11,1.0,1.0
google ocr,MIR558,MIR558,1.0,1.0
google ocr,EIF4BP8,EIF4BP8,1.0,1.0
google ocr,PIRC85,PIRC85,1.0,1.0
google ocr,LYPD6,LYPD6,1.0,1.0
google ocr,SUPT16H,SUPT16H,1.0,1.0
google ocr,OVOL1,OVOL1,1.0,1.0
google ocr,RN7SL689P,RN7SL689P,1.0,1.0
google ocr,P3R3URF-PIK3R3,P3R3URF-PIK3R3,1.0,1.0
google ocr,KIAA0040,KIAA0040,1.0,1.0
google ocr,GNA12P2,GNAI2P2,0.8571428571428572,0.8571428571428571
google ocr,WNT2B,WNT2B,1.0,1.0
google ocr,RPS2P30,RPS2P30,1.0,1.0
google ocr,SKOR2,SKOR2,1.0,1.0
google ocr,TAF11L9,TAF11L9,1.0,1.0
google ocr,CCN5,CCN5,1.0,1.0
google ocr,AZGP1P2,AZGP1P2,1.0,1.0
google ocr,PTGER4,PTGER4,1.0,1.0
google ocr,DLEU1-AS1,DLEU1-AS1,1.0,1.0
google ocr,FAM86B3P,FAM86B3P,1.0,1.0
google ocr,MIR3940,MIR3940,1.0,1.0
google ocr,RN7SL545P,RN7SL545P,1.0,1.0
google ocr,TRR-ACG2-2,TRR-ACG2-2,1.0,1.0
google ocr,CFHR3,CFHR3,1.0,1.0
google ocr,NIFKP9,NIFKP9,1.0,1.0
google ocr,SRP14P1,SRP14P1,1.0,1.0
google ocr,SPINK5,SPINK5,1.0,1.0
google ocr,MRPL1,MRPL1,1.0,1.0
google ocr,ΜΟΝΊΑ,MON1A,0.0,0.0
google ocr,SEPTIN14P10,SEPTIN14P10,1.0,1.0
google ocr,MRC1,MRC1,1.0,1.0
google ocr,CEP250,CEP250,1.0,1.0
google ocr,GADD45GIP1,GADD45GIP1,1.0,1.0
google ocr,MGMT,MGMT,1.0,1.0
google ocr,TMEM97,TMEM97,1.0,1.0
google ocr,MRPS36P6,MRPS36P6,1.0,1.0
google ocr,NTN5,NTN5,1.0,1.0
google ocr,TGM4,TGM4,1.0,1.0
google ocr,IGKJ2,IGKJ2,1.0,1.0
google ocr,RPS24P7,RPS24P7,1.0,1.0
google ocr,PLCXD2-AS1,PLCXD2-AS1,1.0,1.0
google ocr,LINC02529,LINC02529,1.0,1.0
google ocr,UGT2B28,UGT2B28,1.0,1.0
google ocr,RN7SL233P,RN7SL233P,1.0,1.0
google ocr,CDK2,CDK2,1.0,1.0
google ocr,S100A4,S100A4,1.0,1.0
google ocr,SNRPGP6,SNRPGP6,1.0,1.0
google ocr,HS6ST1P1,HS6ST1P1,1.0,1.0
google ocr,GNB2,GNB2,1.0,1.0
google ocr,RBM7P1,RBM7P1,1.0,1.0
google ocr,LDLR,LDLR,1.0,1.0
google ocr,POGZ,POGZ,1.0,1.0
google ocr,MTND3P23,MTND3P23,1.0,1.0
google ocr,IGLV3-7,IGLV3-7,1.0,1.0
google ocr,FER1L6,FER1L6,1.0,1.0
google ocr,CCDC120,CCDC120,1.0,1.0
google ocr,NEK4P2,NEK4P2,1.0,1.0
google ocr,GRIN3A,GRIN3A,1.0,1.0
google ocr,PIRC37,PIRC37,1.0,1.0
google ocr,RN7SL432P,RN7SL432P,1.0,1.0
google ocr,SSBP3P2,SSBP3P2,1.0,1.0
google ocr,SGMS1-AS1,SGMS1-AS1,1.0,1.0
google ocr,SOX6,SOX6,1.0,1.0
google ocr,UTS2B,UTS2B,1.0,1.0
google ocr,MIR4648,MIR4648,1.0,1.0
google ocr,GHET1,GHET1,1.0,1.0
google ocr,KRTAP12-3,KRTAP12-3,1.0,1.0
google ocr,DPY19L3,DPY19L3,1.0,1.0
google ocr,ENTPD1,ENTPD1,1.0,1.0
google ocr,RPLP2,RPLP2,1.0,1.0
google ocr,RAPGEF2,RAPGEF2,1.0,1.0
google ocr,ZFX-AS1,ZFX-AS1,1.0,1.0
google ocr,MRPS35-DT,MRPS35-DT,1.0,1.0
google ocr,ZNF93,ZNF93,1.0,1.0
google ocr,GDPD4,GDPD4,1.0,1.0
google ocr,ZNF622P1,ZNF622P1,1.0,1.0
google ocr,FAM90A25P,FAM90A25P,1.0,1.0
google ocr,RN7SL811P,RN7SL811P,1.0,1.0
google ocr,RN7SKP42,RN7SKP42,1.0,1.0
google ocr,MIR5089,MIR5089,1.0,1.0
google ocr,"АНСУР5
Г",AHCYP5,0.125,0.14285714285714285
google ocr,IMP4,IMP4,1.0,1.0
google ocr,BEST2,BEST2,1.0,1.0
google ocr,KRT8P50,KRT8P50,1.0,1.0
google ocr,CEACAMP4,CEACAMP4,1.0,1.0
google ocr,OR8H1,OR8H1,1.0,1.0
google ocr,OR52J3,OR52J3,1.0,1.0
google ocr,SNTB1,SNTB1,1.0,1.0
google ocr,LINC00941,LINC00941,1.0,1.0
google ocr,LINC02973,LINC02973,1.0,1.0
google ocr,CACHD1,CACHD1,1.0,1.0
google ocr,PI4KAP2,PI4KAP2,1.0,1.0
google ocr,FAHD2P1,FAHD2P1,1.0,1.0
google ocr,MTND3P11,MTND3P11,1.0,1.0
google ocr,MIR20B,MIR20B,1.0,1.0
google ocr,SOX5,SOX5,1.0,1.0
google ocr,ADRB2,ADRB2,1.0,1.0
google ocr,NDUFB8P3,NDUFB8P3,1.0,1.0
google ocr,MIR4719,MIR4719,1.0,1.0
google ocr,CHEK2P4,CHEK2P4,1.0,1.0
google ocr,DHODH,DHODH,1.0,1.0
google ocr,RNU6ATAC36P,RNU6ATAC36P,1.0,1.0
google ocr,RBMY2AP,RBMY2AP,1.0,1.0
google ocr,FAM106A,FAM106A,1.0,1.0
google ocr,RNU2-40P,RNU2-40P,1.0,1.0
google ocr,ADRA2A,ADRA2A,1.0,1.0
google ocr,PIGK,PIGK,1.0,1.0
google ocr,ATRNL1,ATRNL1,1.0,1.0
google ocr,NRG3-AS1,NRG3-AS1,1.0,1.0
google ocr,DDX11L16,DDX11L16,1.0,1.0
google ocr,NPTX2,NPTX2,1.0,1.0
google ocr,RN7SKP63,RN7SKP63,1.0,1.0
google ocr,SCP2D1-AS1,SCP2D1-AS1,1.0,1.0
google ocr,ATP6AP1-DT,ATP6AP1-DT,1.0,1.0
google ocr,CTSLP2,CTSLP2,1.0,1.0
google ocr,SLC16A2,SLC16A2,1.0,1.0
google ocr,GRAPLDR,GRAPLDR,1.0,1.0
google ocr,MTCYBP13,MTCYBP13,1.0,1.0
google ocr,TRW-CCA1-1,TRW-CCA1-1,1.0,1.0
google ocr,FAM193B,FAM193B,1.0,1.0
google ocr,MSI1,MSI1,1.0,1.0
google ocr,SMU1P1,SMU1P1,1.0,1.0
google ocr,GPR50-AS1,GPR50-AS1,1.0,1.0
google ocr,MIR12127,MIR12127,1.0,1.0
google ocr,MTND1P33,MTND1P33,1.0,1.0
google ocr,NBEAP5,NBEAP5,1.0,1.0
google ocr,MTC03P7,MTCO3P7,0.8571428571428572,0.8571428571428571
google ocr,ALDH6A1,ALDH6A1,1.0,1.0
google ocr,RNU4-83P,RNU4-83P,1.0,1.0
google ocr,TMEM212,TMEM212,1.0,1.0
google ocr,TRA-AGC12-3,TRA-AGC12-3,1.0,1.0
google ocr,TIMM9P3,TIMM9P3,1.0,1.0
google ocr,SLC25A42,SLC25A42,1.0,1.0
google ocr,F11R,F11R,1.0,1.0
google ocr,LINC01344,LINC01344,1.0,1.0
google ocr,CCDC170,CCDC170,1.0,1.0
google ocr,ALG1L14P,ALG1L14P,1.0,1.0
google ocr,SNORA40,SNORA40,1.0,1.0
google ocr,KSR2,KSR2,1.0,1.0
google ocr,АВСАЗ,ABCA3,0.0,0.0
google ocr,MIR3159,MIR3159,1.0,1.0
google ocr,RN7SKP42,RN7SKP42,1.0,1.0
google ocr,PIH1D2,PIH1D2,1.0,1.0
google ocr,CISD3,CISD3,1.0,1.0
google ocr,OR4A48P,OR4A48P,1.0,1.0
google ocr,SNORD115-41,SNORD115-41,1.0,1.0
google ocr,ZCCHC24,ZCCHC24,1.0,1.0
google ocr,GAB2,GAB2,1.0,1.0
google ocr,S100A14,S100A14,1.0,1.0
google ocr,RNA5SP338,RNA5SP338,1.0,1.0
google ocr,RAC1P2,RAC1P2,1.0,1.0
google ocr,VN1R87P,VN1R87P,1.0,1.0
google ocr,CLEC12B,CLEC12B,1.0,1.0
google ocr,ENPP3,ENPP3,1.0,1.0
google ocr,PAFAH1B2P1,PAFAH1B2P1,1.0,1.0
google ocr,DUX4L7,DUX4L7,1.0,1.0
google ocr,ARF6,ARF6,1.0,1.0
google ocr,HMGB1P19,HMGB1P19,1.0,1.0
google ocr,MIR302B,MIR302B,1.0,1.0
google ocr,MIR10524,MIR10524,1.0,1.0
google ocr,RPL34P5,RPL34P5,1.0,1.0
google ocr,DHX30,DHX30,1.0,1.0
google ocr,THORLNC,THORLNC,1.0,1.0
google ocr,IVNS1ABP,IVNS1ABP,1.0,1.0
google ocr,PIAS3,PIAS3,1.0,1.0
google ocr,PAPSS2,PAPSS2,1.0,1.0
google ocr,RTL10,RTL10,1.0,1.0
google ocr,MIR203A,MIR203A,1.0,1.0
google ocr,RXFP1,RXFP1,1.0,1.0
google ocr,OBP2B,OBP2B,1.0,1.0
google ocr,RPL7AP37,RPL7AP37,1.0,1.0
google ocr,PLXNA3,PLXNA3,1.0,1.0
google ocr,PIFO,PIFO,1.0,1.0
google ocr,DPH6,DPH6,1.0,1.0
google ocr,AMIGO2,AMIGO2,1.0,1.0
google ocr,C7orf31,C7orf31,1.0,1.0
google ocr,TMEM52,TMEM52,1.0,1.0
google ocr,CDC37L1,CDC37L1,1.0,1.0
google ocr,CSRP3-AS1,CSRP3-AS1,1.0,1.0
google ocr,ADA,ADA,1.0,1.0
google ocr,COX7A2,COX7A2,1.0,1.0
google ocr,RABGEF1P1,RABGEF1P1,1.0,1.0
google ocr,CPM,CPM,1.0,1.0
google ocr,RPL39P37,RPL39P37,1.0,1.0
google ocr,WARS1,WARS1,1.0,1.0
google ocr,SUCLG2P1,SUCLG2P1,1.0,1.0
google ocr,CADM2-AS2,CADM2-AS2,1.0,1.0
google ocr,BACH1-IT3,BACH1-IT3,1.0,1.0
google ocr,RNU6-859P,RNU6-859P,1.0,1.0
google ocr,NEXMIF,NEXMIF,1.0,1.0
google ocr,DEFB133,DEFB133,1.0,1.0
google ocr,DNAJC17,DNAJC17,1.0,1.0
google ocr,DNAJB8,DNAJB8,1.0,1.0
google ocr,RTBDN,RTBDN,1.0,1.0
google ocr,OR2AT2P,OR2AT2P,1.0,1.0
google ocr,CDPF1,CDPF1,1.0,1.0
google ocr,SNRNP70,SNRNP70,1.0,1.0
google ocr,IL23A,IL23A,1.0,1.0
google ocr,SLC39A10,SLC39A10,1.0,1.0
google ocr,DMBX1,DMBX1,1.0,1.0
google ocr,TRPC6P7,TRPC6P7,1.0,1.0
google ocr,PPIAP69,PPIAP69,1.0,1.0
google ocr,RTL3,RTL3,1.0,1.0
google ocr,PRR13P4,PRR13P4,1.0,1.0
google ocr,EVA1 CP4,EVA1CP4,0.875,0.9333333333333333
google ocr,GLT8D2,GLT8D2,1.0,1.0
google ocr,PLCZ1,PLCZ1,1.0,1.0
google ocr,RBM17P3,RBM17P3,1.0,1.0
google ocr,PI4KB,PI4KB,1.0,1.0
google ocr,KCTD21,KCTD21,1.0,1.0
google ocr,ZNF736P1Y,ZNF736P1Y,1.0,1.0
google ocr,PPP1R35-AS1,PPP1R35-AS1,1.0,1.0
google ocr,MTC02P2,MTCO2P2,0.8571428571428572,0.8571428571428571
google ocr,IKBKB-DT,IKBKB-DT,1.0,1.0
google ocr,RN7SL299P,RN7SL299P,1.0,1.0
google ocr,PGD,PGD,1.0,1.0
google ocr,ADCK1,ADCK1,1.0,1.0
google ocr,ADAMTS5,ADAMTS5,1.0,1.0
google ocr,LINC02996,LINC02996,1.0,1.0
google ocr,IL13RA1,IL13RA1,1.0,1.0
google ocr,IGHV3-73,IGHV3-73,1.0,1.0
google ocr,ALG14-AS1,ALG14-AS1,1.0,1.0
google ocr,RNU4ATAC,RNU4ATAC,1.0,1.0
google ocr,FAM41AY2,FAM41AY2,1.0,1.0
google ocr,LINC02211,LINC02211,1.0,1.0
google ocr,MRPL57,MRPL57,1.0,1.0
google ocr,RNA5SP223,RNA5SP223,1.0,1.0
google ocr,BASP1,BASP1,1.0,1.0
google ocr,MTND4P34,MTND4P34,1.0,1.0
google ocr,SEPTIN7P10,SEPTIN7P10,1.0,1.0
google ocr,VN1R95P,VN1R95P,1.0,1.0
google ocr,KRT13,KRT13,1.0,1.0
google ocr,RN7SL420P,RN7SL420P,1.0,1.0
google ocr,RPL36AP16,RPL36AP16,1.0,1.0
google ocr,SNORA48,SNORA48,1.0,1.0
google ocr,GMPR,GMPR,1.0,1.0
google ocr,IL31,IL31,1.0,1.0
google ocr,PRKAA1,PRKAA1,1.0,1.0
google ocr,MAP1LC3C,MAP1LC3C,1.0,1.0
google ocr,MIR3935,MIR3935,1.0,1.0
google ocr,RNA5SP479,RNA5SP479,1.0,1.0
google ocr,ARL2BPP2,ARL2BPP2,1.0,1.0
google ocr,LINC00645,LINC00645,1.0,1.0
google ocr,MTC01P11,MTCO1P11,0.875,0.875
google ocr,PIKFYVE,PIKFYVE,1.0,1.0
google ocr,DAB1-AS1,DAB1-AS1,1.0,1.0
google ocr,RPL9P11,RPL9P11,1.0,1.0
google ocr,HAAO,HAAO,1.0,1.0
google ocr,USP9YP3,USP9YP3,1.0,1.0
google ocr,KRT18P48,KRT18P48,1.0,1.0
google ocr,MIR6864,MIR6864,1.0,1.0
google ocr,VN1R52P,VN1R52P,1.0,1.0
google ocr,FAM218BP,FAM218BP,1.0,1.0
google ocr,LINC01888,LINC01888,1.0,1.0
google ocr,PPP1R3D,PPP1R3D,1.0,1.0
google ocr,C1orf21-DT,C1orf21-DT,1.0,1.0
google ocr,EXOSC3,EXOSC3,1.0,1.0
google ocr,LINC02059,LINC02059,1.0,1.0
google ocr,FBX016,FBXO16,0.8333333333333334,0.8333333333333334
google ocr,MIR576,MIR576,1.0,1.0
google ocr,NSL1,NSL1,1.0,1.0
google ocr,SLC29A4,SLC29A4,1.0,1.0
google ocr,RPL13P14,RPL13P14,1.0,1.0
google ocr,LINC03013,LINC03013,1.0,1.0
google ocr,STRA6LP,STRA6LP,1.0,1.0
google ocr,ТРМ3P9,TPM3P9,0.5,0.5
google ocr,MSL3,MSL3,1.0,1.0
google ocr,STOX2,STOX2,1.0,1.0
google ocr,RNU6-1192P,RNU6-1192P,1.0,1.0
google ocr,PDE4B,PDE4B,1.0,1.0
google ocr,MTND6P4,MTND6P4,1.0,1.0
google ocr,RNU2-61P,RNU2-61P,1.0,1.0
google ocr,ABRAXAS1,ABRAXAS1,1.0,1.0
google ocr,GCAT,GCAT,1.0,1.0
google ocr,LINC01425,LINC01425,1.0,1.0
google ocr,ACVRL1,ACVRL1,1.0,1.0
google ocr,SIGLEC9,SIGLEC9,1.0,1.0
google ocr,RN7SL815P,RN7SL815P,1.0,1.0
google ocr,RPL31P31,RPL31P31,1.0,1.0
google ocr,HNRNPA1P34,HNRNPA1P34,1.0,1.0
google ocr,SNORD38A,SNORD38A,1.0,1.0
google ocr,DHPS,DHPS,1.0,1.0
google ocr,SREBF1,SREBF1,1.0,1.0
google ocr,PCDHGB7,PCDHGB7,1.0,1.0
google ocr,ССТ6P3,CCT6P3,0.5,0.5
google ocr,TUBBP2,TUBBP2,1.0,1.0
google ocr,KLHL24,KLHL24,1.0,1.0
google ocr,CAPN3,CAPN3,1.0,1.0
google ocr,MTATP6P10,MTATP6P10,1.0,1.0
google ocr,IFITM3P4,IFITM3P4,1.0,1.0
google ocr,LINC01883,LINC01883,1.0,1.0
google ocr,CYP2A7P1,CYP2A7P1,1.0,1.0
google ocr,PPARGC1B,PPARGC1B,1.0,1.0
google ocr,COPS3,COPS3,1.0,1.0
google ocr,MTCO3P45,MTCO3P45,1.0,1.0
google ocr,HTR5A,HTR5A,1.0,1.0
google ocr,LINC00544,LINC00544,1.0,1.0
google ocr,AURKA,AURKA,1.0,1.0
google ocr,ARL5A,ARL5A,1.0,1.0
google ocr,ELOCP6,ELOCP6,1.0,1.0
google ocr,EIF3J,EIF3J,1.0,1.0
google ocr,RPL30P3,RPL30P3,1.0,1.0
google ocr,SAP30L-AS1,SAP30L-AS1,1.0,1.0
google ocr,GSTCD-AS1,GSTCD-AS1,1.0,1.0
google ocr,SCARNA28,SCARNA28,1.0,1.0
google ocr,LAMTOR1,LAMTOR1,1.0,1.0
google ocr,CLEC4M,CLEC4M,1.0,1.0
google ocr,RNU6-930P,RNU6-930P,1.0,1.0
google ocr,PIGO-AS1,PIGO-AS1,1.0,1.0
google ocr,SLC4A8-AS1,SLC4A8-AS1,1.0,1.0
google ocr,IFNB1,IFNB1,1.0,1.0
google ocr,DDX52,DDX52,1.0,1.0
google ocr,PDF,PDF,1.0,1.0
google ocr,PRSS51,PRSS51,1.0,1.0
google ocr,ONECUT3,ONECUT3,1.0,1.0
google ocr,LINC00351,LINC00351,1.0,1.0
google ocr,MIR153-1,MIR153-1,1.0,1.0
google ocr,PRELID3BP2,PRELID3BP2,1.0,1.0
google ocr,RNA5SP171,RNA5SP171,1.0,1.0
google ocr,PMM2,PMM2,1.0,1.0
google ocr,WHAMMP1,WHAMMP1,1.0,1.0
google ocr,IGLV1-50,IGLV1-50,1.0,1.0
google ocr,SNORD172,SNORD172,1.0,1.0
google ocr,SEMA6C,SEMA6C,1.0,1.0
google ocr,PIRC11,PIRC11,1.0,1.0
google ocr,ACKR1,ACKR1,1.0,1.0
google ocr,UBE2V1P1,UBE2V1P1,1.0,1.0
google ocr,MIR3683,MIR3683,1.0,1.0
google ocr,SERTAD4,SERTAD4,1.0,1.0
google ocr,COG2,COG2,1.0,1.0
google ocr,ZNF877P,ZNF877P,1.0,1.0
google ocr,ZDHHC20P4,ZDHHC20P4,1.0,1.0
google ocr,KLHL18,KLHL18,1.0,1.0
google ocr,APOBEC3G,APOBEC3G,1.0,1.0
google ocr,ACTG1P11,ACTG1P11,1.0,1.0
google ocr,DPF3,DPF3,1.0,1.0
google ocr,CDV3P1,CDV3P1,1.0,1.0
google ocr,RPL4P4,RPL4P4,1.0,1.0
google ocr,USPL1,USPL1,1.0,1.0
google ocr,ZFAND1,ZFAND1,1.0,1.0
google ocr,POLR1 HASP,POLR1HASP,0.9,0.9473684210526315
google ocr,RPS4Y2,RPS4Y2,1.0,1.0
google ocr,TMC01-AS1,TMCO1-AS1,0.8888888888888888,0.8888888888888888
google ocr,HEATR4,HEATR4,1.0,1.0
google ocr,RNVU1-33,RNVU1-33,1.0,1.0
google ocr,C5orf67,C5orf67,1.0,1.0
google ocr,KRT12,KRT12,1.0,1.0
google ocr,OR4F14P,OR4F14P,1.0,1.0
